zipcode,place,state
08037,Hammonton,New Jersey
08201,Absecon,New Jersey
08203,Brigantine,New Jersey
08205,Absecon,New Jersey
08213,Cologne,New Jersey
08215,Egg Harbor City,New Jersey
08217,Elwood,New Jersey
08220,Leeds Point,New Jersey
08221,Linwood,New Jersey
08225,Northfield,New Jersey
08231,Oceanville,New Jersey
08232,Pleasantville,New Jersey
08234,Egg Harbor Township,New Jersey
08240,Pomona,New Jersey
08241,Port Republic,New Jersey
08244,Somers Point,New Jersey
08310,Buena,New Jersey
08317,Dorothy,New Jersey
08319,Estell Manor,New Jersey
08326,Landisville,New Jersey
08330,Mays Landing,New Jersey
08340,Milmay,New Jersey
08341,Minotola,New Jersey
08342,Mizpah,New Jersey
08346,Newtonville,New Jersey
08350,Richland,New Jersey
08401,Atlantic City,New Jersey
08402,Margate City,New Jersey
08403,Longport,New Jersey
08404,Atlantic City,New Jersey
08405,Atlantic City,New Jersey
08406,Ventnor City,New Jersey
07010,Cliffside Park,New Jersey
07020,Edgewater,New Jersey
07022,Fairview,New Jersey
07024,Fort Lee,New Jersey
07026,Garfield,New Jersey
07031,North Arlington,New Jersey
07057,Wallington,New Jersey
07070,Rutherford,New Jersey
07071,Lyndhurst,New Jersey
07072,Carlstadt,New Jersey
07073,East Rutherford,New Jersey
07074,Moonachie,New Jersey
07075,Wood Ridge,New Jersey
07401,Allendale,New Jersey
07407,Elmwood Park,New Jersey
07410,Fair Lawn,New Jersey
07417,Franklin Lakes,New Jersey
07423,Ho Ho Kus,New Jersey
07430,Mahwah,New Jersey
07432,Midland Park,New Jersey
07436,Oakland,New Jersey
07446,Ramsey,New Jersey
07450,Ridgewood,New Jersey
07451,Ridgewood,New Jersey
07452,Glen Rock,New Jersey
07458,Saddle River,New Jersey
07463,Waldwick,New Jersey
07481,Wyckoff,New Jersey
07495,Mahwah,New Jersey
07601,Hackensack,New Jersey
07602,Hackensack,New Jersey
07603,Bogota,New Jersey
07604,Hasbrouck Heights,New Jersey
07605,Leonia,New Jersey
07606,South Hackensack,New Jersey
07607,Maywood,New Jersey
07608,Teterboro,New Jersey
07620,Alpine,New Jersey
07621,Bergenfield,New Jersey
07624,Closter,New Jersey
07626,Cresskill,New Jersey
07627,Demarest,New Jersey
07628,Dumont,New Jersey
07630,Emerson,New Jersey
07631,Englewood,New Jersey
07632,Englewood Cliffs,New Jersey
07640,Harrington Park,New Jersey
07641,Haworth,New Jersey
07642,Hillsdale,New Jersey
07643,Little Ferry,New Jersey
07644,Lodi,New Jersey
07645,Montvale,New Jersey
07646,New Milford,New Jersey
07647,Northvale,New Jersey
07648,Norwood,New Jersey
07649,Oradell,New Jersey
07650,Palisades Park,New Jersey
07652,Paramus,New Jersey
07653,Paramus,New Jersey
07656,Park Ridge,New Jersey
07657,Ridgefield,New Jersey
07660,Ridgefield Park,New Jersey
07661,River Edge,New Jersey
07662,Rochelle Park,New Jersey
07663,Saddle Brook,New Jersey
07666,Teaneck,New Jersey
07670,Tenafly,New Jersey
07675,Westwood,New Jersey
07676,Township Of Washington,New Jersey
07677,Woodcliff Lake,New Jersey
07699,Teterboro,New Jersey
08010,Beverly,New Jersey
08011,Birmingham,New Jersey
08015,Browns Mills,New Jersey
08016,Burlington,New Jersey
08019,Chatsworth,New Jersey
08022,Columbus,New Jersey
08036,Hainesport,New Jersey
08041,Jobstown,New Jersey
08042,Juliustown,New Jersey
08046,Willingboro,New Jersey
08048,Lumberton,New Jersey
08052,Maple Shade,New Jersey
08053,Marlton,New Jersey
08054,Mount Laurel,New Jersey
08055,Medford,New Jersey
08057,Moorestown,New Jersey
08060,Mount Holly,New Jersey
08064,New Lisbon,New Jersey
08065,Palmyra,New Jersey
08068,Pemberton,New Jersey
08073,Rancocas,New Jersey
08075,Riverside,New Jersey
08076,Riverton,New Jersey
08077,Riverton,New Jersey
08088,Vincentown,New Jersey
08224,New Gretna,New Jersey
08505,Bordentown,New Jersey
08511,Cookstown,New Jersey
08515,Chesterfield,New Jersey
08518,Florence,New Jersey
08554,Roebling,New Jersey
08562,Wrightstown,New Jersey
08640,Joint Base Mdl,New Jersey
08641,Joint Base Mdl,New Jersey
08002,Cherry Hill,New Jersey
08003,Cherry Hill,New Jersey
08004,Atco,New Jersey
08007,Barrington,New Jersey
08009,Berlin,New Jersey
08012,Blackwood,New Jersey
08018,Cedar Brook,New Jersey
08021,Clementon,New Jersey
08026,Gibbsboro,New Jersey
08029,Glendora,New Jersey
08030,Gloucester City,New Jersey
08031,Bellmawr,New Jersey
08033,Haddonfield,New Jersey
08034,Cherry Hill,New Jersey
08035,Haddon Heights,New Jersey
08043,Voorhees,New Jersey
08045,Lawnside,New Jersey
08049,Magnolia,New Jersey
08059,Mount Ephraim,New Jersey
08078,Runnemede,New Jersey
08081,Sicklerville,New Jersey
08083,Somerdale,New Jersey
08084,Stratford,New Jersey
08089,Waterford Works,New Jersey
08091,West Berlin,New Jersey
08095,Winslow,New Jersey
08099,Bellmawr,New Jersey
08101,Camden,New Jersey
08102,Camden,New Jersey
08103,Camden,New Jersey
08104,Camden,New Jersey
08105,Camden,New Jersey
08106,Audubon,New Jersey
08107,Oaklyn,New Jersey
08108,Collingswood,New Jersey
08109,Merchantville,New Jersey
08110,Pennsauken,New Jersey
08202,Avalon,New Jersey
08204,Cape May,New Jersey
08210,Cape May Court House,New Jersey
08212,Cape May Point,New Jersey
08214,Dennisville,New Jersey
08218,Goshen,New Jersey
08219,Green Creek,New Jersey
08223,Marmora,New Jersey
08226,Ocean City,New Jersey
08230,Ocean View,New Jersey
08242,Rio Grande,New Jersey
08243,Sea Isle City,New Jersey
08245,South Dennis,New Jersey
08246,South Seaville,New Jersey
08247,Stone Harbor,New Jersey
08248,Strathmere,New Jersey
08250,Tuckahoe,New Jersey
08251,Villas,New Jersey
08252,Whitesboro,New Jersey
08260,Wildwood,New Jersey
08270,Woodbine,New Jersey
08302,Bridgeton,New Jersey
08311,Cedarville,New Jersey
08313,Deerfield Street,New Jersey
08314,Delmont,New Jersey
08315,Dividing Creek,New Jersey
08316,Dorchester,New Jersey
08320,Fairton,New Jersey
08321,Fortescue,New Jersey
08323,Greenwich,New Jersey
08324,Heislerville,New Jersey
08327,Leesburg,New Jersey
08329,Mauricetown,New Jersey
08332,Millville,New Jersey
08345,Newport,New Jersey
08348,Port Elizabeth,New Jersey
08349,Port Norris,New Jersey
08352,Rosenhayn,New Jersey
08353,Shiloh,New Jersey
08360,Vineland,New Jersey
08361,Vineland,New Jersey
08362,Vineland,New Jersey
07003,Bloomfield,New Jersey
07004,Fairfield,New Jersey
07006,Caldwell,New Jersey
07007,Caldwell,New Jersey
07009,Cedar Grove,New Jersey
07017,East Orange,New Jersey
07018,East Orange,New Jersey
07019,East Orange,New Jersey
07021,Essex Fells,New Jersey
07028,Glen Ridge,New Jersey
07039,Livingston,New Jersey
07040,Maplewood,New Jersey
07041,Millburn,New Jersey
07042,Montclair,New Jersey
07043,Montclair,New Jersey
07044,Verona,New Jersey
07050,Orange,New Jersey
07051,Orange,New Jersey
07052,West Orange,New Jersey
07068,Roseland,New Jersey
07078,Short Hills,New Jersey
07079,South Orange,New Jersey
07101,Newark,New Jersey
07102,Newark,New Jersey
07103,Newark,New Jersey
07104,Newark,New Jersey
07105,Newark,New Jersey
07106,Newark,New Jersey
07107,Newark,New Jersey
07108,Newark,New Jersey
07109,Belleville,New Jersey
07110,Nutley,New Jersey
07111,Irvington,New Jersey
07112,Newark,New Jersey
07114,Newark,New Jersey
07175,Newark,New Jersey
07184,Newark,New Jersey
07188,Newark,New Jersey
07189,Newark,New Jersey
07191,Newark,New Jersey
07192,Newark,New Jersey
07193,Newark,New Jersey
07195,Newark,New Jersey
07198,Newark,New Jersey
07199,Newark,New Jersey
08014,Bridgeport,New Jersey
08020,Clarksboro,New Jersey
08025,Ewan,New Jersey
08027,Gibbstown,New Jersey
08028,Glassboro,New Jersey
08032,Grenloch,New Jersey
08039,Harrisonville,New Jersey
08051,Mantua,New Jersey
08056,Mickleton,New Jersey
08061,Mount Royal,New Jersey
08062,Mullica Hill,New Jersey
08063,National Park,New Jersey
08066,Paulsboro,New Jersey
08071,Pitman,New Jersey
08074,Richwood,New Jersey
08080,Sewell,New Jersey
08085,Swedesboro,New Jersey
08086,Thorofare,New Jersey
08090,Wenonah,New Jersey
08093,Westville,New Jersey
08094,Williamstown,New Jersey
08096,Deptford,New Jersey
08097,Woodbury Heights,New Jersey
08312,Clayton,New Jersey
08322,Franklinville,New Jersey
08328,Malaga,New Jersey
08343,Monroeville,New Jersey
08344,Newfield,New Jersey
07002,Bayonne,New Jersey
07029,Harrison,New Jersey
07030,Hoboken,New Jersey
07032,Kearny,New Jersey
07047,North Bergen,New Jersey
07086,Weehawken,New Jersey
07087,Union City,New Jersey
07093,West New York,New Jersey
07094,Secaucus,New Jersey
07096,Secaucus,New Jersey
07097,Jersey City,New Jersey
07099,Kearny,New Jersey
07302,Jersey City,New Jersey
07303,Jersey City,New Jersey
07304,Jersey City,New Jersey
07305,Jersey City,New Jersey
07306,Jersey City,New Jersey
07307,Jersey City,New Jersey
07308,Jersey City,New Jersey
07310,Jersey City,New Jersey
07311,Jersey City,New Jersey
07395,Jersey City,New Jersey
07399,Jersey City,New Jersey
07830,Califon,New Jersey
07979,Pottersville,New Jersey
08530,Lambertville,New Jersey
08551,Ringoes,New Jersey
08556,Rosemont,New Jersey
08557,Sergeantsville,New Jersey
08559,Stockton,New Jersey
08801,Annandale,New Jersey
08803,Baptistown,New Jersey
08804,Bloomsbury,New Jersey
08809,Clinton,New Jersey
08822,Flemington,New Jersey
08825,Frenchtown,New Jersey
08826,Glen Gardner,New Jersey
08827,Hampton,New Jersey
08829,High Bridge,New Jersey
08833,Lebanon,New Jersey
08834,Little York,New Jersey
08848,Milford,New Jersey
08858,Oldwick,New Jersey
08867,Pittstown,New Jersey
08868,Quakertown,New Jersey
08870,Readington,New Jersey
08885,Stanton,New Jersey
08887,Three Bridges,New Jersey
08888,Whitehouse,New Jersey
08889,Whitehouse Station,New Jersey
08520,Hightstown,New Jersey
08525,Hopewell,New Jersey
08534,Pennington,New Jersey
08540,Princeton,New Jersey
08541,Princeton,New Jersey
08542,Princeton,New Jersey
08543,Princeton,New Jersey
08544,Princeton,New Jersey
08550,Princeton Junction,New Jersey
08560,Titusville,New Jersey
08561,Windsor,New Jersey
08601,Trenton,New Jersey
08602,Trenton,New Jersey
08603,Trenton,New Jersey
08604,Trenton,New Jersey
08605,Trenton,New Jersey
08606,Trenton,New Jersey
08607,Trenton,New Jersey
08608,Trenton,New Jersey
08609,Trenton,New Jersey
08610,Trenton,New Jersey
08611,Trenton,New Jersey
08618,Trenton,New Jersey
08619,Trenton,New Jersey
08620,Trenton,New Jersey
08625,Trenton,New Jersey
08628,Trenton,New Jersey
08629,Trenton,New Jersey
08638,Trenton,New Jersey
08644,Trenton,New Jersey
08645,Trenton,New Jersey
08646,Trenton,New Jersey
08647,Trenton,New Jersey
08648,Lawrence Township,New Jersey
08650,Trenton,New Jersey
08666,Trenton,New Jersey
08690,Trenton,New Jersey
08691,Trenton,New Jersey
08695,Trenton,New Jersey
07001,Avenel,New Jersey
07008,Carteret,New Jersey
07064,Port Reading,New Jersey
07067,Colonia,New Jersey
07077,Sewaren,New Jersey
07080,South Plainfield,New Jersey
07095,Woodbridge,New Jersey
08512,Cranbury,New Jersey
08536,Plainsboro,New Jersey
08810,Dayton,New Jersey
08812,Dunellen,New Jersey
08816,East Brunswick,New Jersey
08817,Edison,New Jersey
08818,Edison,New Jersey
08820,Edison,New Jersey
08824,Kendall Park,New Jersey
08828,Helmetta,New Jersey
08830,Iselin,New Jersey
08831,Monroe Township,New Jersey
08832,Keasbey,New Jersey
08837,Edison,New Jersey
08840,Metuchen,New Jersey
08846,Middlesex,New Jersey
08850,Milltown,New Jersey
08852,Monmouth Junction,New Jersey
08854,Piscataway,New Jersey
08855,Piscataway,New Jersey
08857,Old Bridge,New Jersey
08859,Parlin,New Jersey
08861,Perth Amboy,New Jersey
08862,Perth Amboy,New Jersey
08863,Fords,New Jersey
08871,Sayreville,New Jersey
08872,Sayreville,New Jersey
08879,South Amboy,New Jersey
08882,South River,New Jersey
08884,Spotswood,New Jersey
08899,Edison,New Jersey
08901,New Brunswick,New Jersey
08902,North Brunswick,New Jersey
08903,New Brunswick,New Jersey
08904,Highland Park,New Jersey
08906,New Brunswick,New Jersey
08933,New Brunswick,New Jersey
08989,New Brunswick,New Jersey
07701,Red Bank,New Jersey
07702,Shrewsbury,New Jersey
07703,Fort Monmouth,New Jersey
07704,Fair Haven,New Jersey
07710,Adelphia,New Jersey
07711,Allenhurst,New Jersey
07712,Asbury Park,New Jersey
07715,Belmar,New Jersey
07716,Atlantic Highlands,New Jersey
07717,Avon By The Sea,New Jersey
07718,Belford,New Jersey
07719,Belmar,New Jersey
07720,Bradley Beach,New Jersey
07721,Cliffwood,New Jersey
07722,Colts Neck,New Jersey
07723,Deal,New Jersey
07724,Eatontown,New Jersey
07726,Englishtown,New Jersey
07727,Farmingdale,New Jersey
07728,Freehold,New Jersey
07730,Hazlet,New Jersey
07731,Howell,New Jersey
07732,Highlands,New Jersey
07733,Holmdel,New Jersey
07734,Keansburg,New Jersey
07735,Keyport,New Jersey
07737,Leonardo,New Jersey
07738,Lincroft,New Jersey
07739,Little Silver,New Jersey
07740,Long Branch,New Jersey
07746,Marlboro,New Jersey
07747,Matawan,New Jersey
07748,Middletown,New Jersey
07750,Monmouth Beach,New Jersey
07751,Morganville,New Jersey
07752,Navesink,New Jersey
07753,Neptune,New Jersey
07754,Neptune,New Jersey
07755,Oakhurst,New Jersey
07756,Ocean Grove,New Jersey
07757,Oceanport,New Jersey
07758,Port Monmouth,New Jersey
07760,Rumson,New Jersey
07762,Spring Lake,New Jersey
07763,Tennent,New Jersey
07764,West Long Branch,New Jersey
07765,Wickatunk,New Jersey
07799,Eatontown,New Jersey
08501,Allentown,New Jersey
08510,Millstone Township,New Jersey
08514,Cream Ridge,New Jersey
08526,Imlaystown,New Jersey
08535,Millstone Township,New Jersey
08555,Roosevelt,New Jersey
08720,Allenwood,New Jersey
08730,Brielle,New Jersey
08736,Manasquan,New Jersey
08750,Sea Girt,New Jersey
07005,Boonton,New Jersey
07034,Lake Hiawatha,New Jersey
07035,Lincoln Park,New Jersey
07045,Montville,New Jersey
07046,Mountain Lakes,New Jersey
07054,Parsippany,New Jersey
07058,Pine Brook,New Jersey
07082,Towaco,New Jersey
07405,Butler,New Jersey
07440,Pequannock,New Jersey
07444,Pompton Plains,New Jersey
07457,Riverdale,New Jersey
07801,Dover,New Jersey
07802,Dover,New Jersey
07803,Mine Hill,New Jersey
07806,Picatinny Arsenal,New Jersey
07828,Budd Lake,New Jersey
07834,Denville,New Jersey
07836,Flanders,New Jersey
07842,Hibernia,New Jersey
07845,Ironia,New Jersey
07847,Kenvil,New Jersey
07849,Lake Hopatcong,New Jersey
07850,Landing,New Jersey
07852,Ledgewood,New Jersey
07853,Long Valley,New Jersey
07856,Mount Arlington,New Jersey
07857,Netcong,New Jersey
07866,Rockaway,New Jersey
07869,Randolph,New Jersey
07870,Schooleys Mountain,New Jersey
07876,Succasunna,New Jersey
07878,Mount Tabor,New Jersey
07885,Wharton,New Jersey
07926,Brookside,New Jersey
07927,Cedar Knolls,New Jersey
07928,Chatham,New Jersey
07930,Chester,New Jersey
07932,Florham Park,New Jersey
07933,Gillette,New Jersey
07935,Green Village,New Jersey
07936,East Hanover,New Jersey
07940,Madison,New Jersey
07945,Mendham,New Jersey
07946,Millington,New Jersey
07950,Morris Plains,New Jersey
07960,Morristown,New Jersey
07961,Convent Station,New Jersey
07962,Morristown,New Jersey
07963,Morristown,New Jersey
07970,Mount Freedom,New Jersey
07976,New Vernon,New Jersey
07980,Stirling,New Jersey
07981,Whippany,New Jersey
07999,Whippany,New Jersey
08005,Barnegat,New Jersey
08006,Barnegat Light,New Jersey
08008,Beach Haven,New Jersey
08050,Manahawkin,New Jersey
08087,Tuckerton,New Jersey
08092,West Creek,New Jersey
08527,Jackson,New Jersey
08533,New Egypt,New Jersey
08701,Lakewood,New Jersey
08721,Bayville,New Jersey
08722,Beachwood,New Jersey
08723,Brick,New Jersey
08724,Brick,New Jersey
08731,Forked River,New Jersey
08732,Island Heights,New Jersey
08733,Lakehurst,New Jersey
08734,Lanoka Harbor,New Jersey
08735,Lavallette,New Jersey
08738,Mantoloking,New Jersey
08739,Normandy Beach,New Jersey
08740,Ocean Gate,New Jersey
08741,Pine Beach,New Jersey
08742,Point Pleasant Beach,New Jersey
08751,Seaside Heights,New Jersey
08752,Seaside Park,New Jersey
08753,Toms River,New Jersey
08754,Toms River,New Jersey
08755,Toms River,New Jersey
08756,Toms River,New Jersey
08757,Toms River,New Jersey
08758,Waretown,New Jersey
08759,Manchester Township,New Jersey
07011,Clifton,New Jersey
07012,Clifton,New Jersey
07013,Clifton,New Jersey
07014,Clifton,New Jersey
07015,Clifton,New Jersey
07055,Passaic,New Jersey
07403,Bloomingdale,New Jersey
07420,Haskell,New Jersey
07421,Hewitt,New Jersey
07424,Little Falls,New Jersey
07435,Newfoundland,New Jersey
07438,Oak Ridge,New Jersey
07442,Pompton Lakes,New Jersey
07456,Ringwood,New Jersey
07465,Wanaque,New Jersey
07470,Wayne,New Jersey
07474,Wayne,New Jersey
07480,West Milford,New Jersey
07501,Paterson,New Jersey
07502,Paterson,New Jersey
07503,Paterson,New Jersey
07504,Paterson,New Jersey
07505,Paterson,New Jersey
07506,Hawthorne,New Jersey
07507,Hawthorne,New Jersey
07508,Haledon,New Jersey
07509,Paterson,New Jersey
07510,Paterson,New Jersey
07511,Totowa,New Jersey
07512,Totowa,New Jersey
07513,Paterson,New Jersey
07514,Paterson,New Jersey
07522,Paterson,New Jersey
07524,Paterson,New Jersey
07533,Paterson,New Jersey
07538,Haledon,New Jersey
07543,Paterson,New Jersey
07544,Paterson,New Jersey
08001,Alloway,New Jersey
08023,Deepwater,New Jersey
08038,Hancocks Bridge,New Jersey
08067,Pedricktown,New Jersey
08069,Penns Grove,New Jersey
08070,Pennsville,New Jersey
08072,Quinton,New Jersey
08079,Salem,New Jersey
08098,Woodstown,New Jersey
08318,Elmer,New Jersey
08347,Norma,New Jersey
07059,Warren,New Jersey
07920,Basking Ridge,New Jersey
07921,Bedminster,New Jersey
07924,Bernardsville,New Jersey
07931,Far Hills,New Jersey
07934,Gladstone,New Jersey
07938,Liberty Corner,New Jersey
07939,Lyons,New Jersey
07977,Peapack,New Jersey
07978,Pluckemin,New Jersey
08502,Belle Mead,New Jersey
08504,Blawenburg,New Jersey
08528,Kingston,New Jersey
08553,Rocky Hill,New Jersey
08558,Skillman,New Jersey
08805,Bound Brook,New Jersey
08807,Bridgewater,New Jersey
08821,Flagtown,New Jersey
08823,Franklin Park,New Jersey
08835,Manville,New Jersey
08836,Martinsville,New Jersey
08844,Hillsborough,New Jersey
08853,Neshanic Station,New Jersey
08869,Raritan,New Jersey
08873,Somerset,New Jersey
08875,Somerset,New Jersey
08876,Somerville,New Jersey
08880,South Bound Brook,New Jersey
08890,Zarephath,New Jersey
07416,Franklin,New Jersey
07418,Glenwood,New Jersey
07419,Hamburg,New Jersey
07422,Highland Lakes,New Jersey
07428,Mc Afee,New Jersey
07439,Ogdensburg,New Jersey
07460,Stockholm,New Jersey
07461,Sussex,New Jersey
07462,Vernon,New Jersey
07821,Andover,New Jersey
07822,Augusta,New Jersey
07826,Branchville,New Jersey
07827,Montague,New Jersey
07837,Glasser,New Jersey
07839,Greendell,New Jersey
07843,Hopatcong,New Jersey
07848,Lafayette,New Jersey
07851,Layton,New Jersey
07855,Middleville,New Jersey
07860,Newton,New Jersey
07871,Sparta,New Jersey
07874,Stanhope,New Jersey
07875,Stillwater,New Jersey
07877,Swartswood,New Jersey
07879,Tranquility,New Jersey
07881,Wallpack Center,New Jersey
07890,Branchville,New Jersey
07016,Cranford,New Jersey
07023,Fanwood,New Jersey
07027,Garwood,New Jersey
07033,Kenilworth,New Jersey
07036,Linden,New Jersey
07060,Plainfield,New Jersey
07061,Plainfield,New Jersey
07062,Plainfield,New Jersey
07063,Plainfield,New Jersey
07065,Rahway,New Jersey
07066,Clark,New Jersey
07069,Watchung,New Jersey
07076,Scotch Plains,New Jersey
07081,Springfield,New Jersey
07083,Union,New Jersey
07088,Vauxhall,New Jersey
07090,Westfield,New Jersey
07091,Westfield,New Jersey
07092,Mountainside,New Jersey
07201,Elizabeth,New Jersey
07202,Elizabeth,New Jersey
07203,Roselle,New Jersey
07204,Roselle Park,New Jersey
07205,Hillside,New Jersey
07206,Elizabethport,New Jersey
07207,Elizabeth,New Jersey
07208,Elizabeth,New Jersey
07901,Summit,New Jersey
07902,Summit,New Jersey
07922,Berkeley Heights,New Jersey
07974,New Providence,New Jersey
07820,Allamuchy,New Jersey
07823,Belvidere,New Jersey
07825,Blairstown,New Jersey
07829,Buttzville,New Jersey
07831,Changewater,New Jersey
07832,Columbia,New Jersey
07833,Delaware,New Jersey
07838,Great Meadows,New Jersey
07840,Hackettstown,New Jersey
07844,Hope,New Jersey
07846,Johnsonburg,New Jersey
07863,Oxford,New Jersey
07865,Port Murray,New Jersey
07880,Vienna,New Jersey
07882,Washington,New Jersey
08802,Asbury,New Jersey
08808,Broadway,New Jersey
08865,Phillipsburg,New Jersey
08886,Stewartsville,New Jersey
12007,Alcove,New York
12009,Altamont,New York
12023,Berne,New York
12041,Clarksville,New York
12045,Coeymans,New York
12046,Coeymans Hollow,New York
12047,Cohoes,New York
12054,Delmar,New York
12055,Dormansville,New York
12059,East Berne,New York
12067,Feura Bush,New York
12077,Glenmont,New York
12084,Guilderland,New York
12085,Guilderland Center,New York
12107,Knox,New York
12110,Latham,New York
12120,Medusa,New York
12128,Newtonville,New York
12143,Ravena,New York
12147,Rensselaerville,New York
12158,Selkirk,New York
12159,Slingerlands,New York
12161,South Bethlehem,New York
12183,Troy,New York
12186,Voorheesville,New York
12189,Watervliet,New York
12193,Westerlo,New York
12201,Albany,New York
12202,Albany,New York
12203,Albany,New York
12204,Albany,New York
12205,Albany,New York
12206,Albany,New York
12207,Albany,New York
12208,Albany,New York
12209,Albany,New York
12210,Albany,New York
12211,Albany,New York
12212,Albany,New York
12214,Albany,New York
12220,Albany,New York
12222,Albany,New York
12223,Albany,New York
12224,Albany,New York
12225,Albany,New York
12226,Albany,New York
12227,Albany,New York
12228,Albany,New York
12229,Albany,New York
12230,Albany,New York
12231,Albany,New York
12232,Albany,New York
12233,Albany,New York
12234,Albany,New York
12235,Albany,New York
12236,Albany,New York
12237,Albany,New York
12238,Albany,New York
12239,Albany,New York
12240,Albany,New York
12241,Albany,New York
12242,Albany,New York
12243,Albany,New York
12244,Albany,New York
12245,Albany,New York
12246,Albany,New York
12247,Albany,New York
12248,Albany,New York
12249,Albany,New York
12250,Albany,New York
12252,Albany,New York
12255,Albany,New York
12256,Albany,New York
12257,Albany,New York
12260,Albany,New York
12261,Albany,New York
12288,Albany,New York
12469,Preston Hollow,New York
14029,Centerville,New York
14707,Allentown,New York
14708,Alma,New York
14709,Angelica,New York
14711,Belfast,New York
14714,Black Creek,New York
14715,Bolivar,New York
14717,Caneadea,New York
14721,Ceres,New York
14727,Cuba,New York
14735,Fillmore,New York
14739,Friendship,New York
14744,Houghton,New York
14745,Hume,New York
14754,Little Genesee,New York
14774,Richburg,New York
14777,Rushford,New York
14786,West Clarksville,New York
14802,Alfred,New York
14803,Alfred Station,New York
14804,Almond,New York
14806,Andover,New York
14813,Belmont,New York
14822,Canaseraga,New York
14880,Scio,New York
14884,Swain,New York
14895,Wellsville,New York
14897,Whitesville,New York
10451,Bronx,New York
10452,Bronx,New York
10453,Bronx,New York
10454,Bronx,New York
10455,Bronx,New York
10456,Bronx,New York
10457,Bronx,New York
10458,Bronx,New York
10459,Bronx,New York
10460,Bronx,New York
10461,Bronx,New York
10462,Bronx,New York
10463,Bronx,New York
10464,Bronx,New York
10465,Bronx,New York
10466,Bronx,New York
10467,Bronx,New York
10468,Bronx,New York
10469,Bronx,New York
10470,Bronx,New York
10471,Bronx,New York
10472,Bronx,New York
10473,Bronx,New York
10474,Bronx,New York
10475,Bronx,New York
13737,Bible School Park,New York
13744,Castle Creek,New York
13745,Chenango Bridge,New York
13746,Chenango Forks,New York
13748,Conklin,New York
13749,Corbettsville,New York
13754,Deposit,New York
13760,Endicott,New York
13761,Endicott,New York
13762,Endwell,New York
13763,Endicott,New York
13777,Glen Aubrey,New York
13787,Harpursville,New York
13790,Johnson City,New York
13794,Killawog,New York
13795,Kirkwood,New York
13797,Lisle,New York
13802,Maine,New York
13813,Nineveh,New York
13826,Ouaquaga,New York
13833,Port Crane,New York
13848,Tunnel,New York
13850,Vestal,New York
13851,Vestal,New York
13862,Whitney Point,New York
13865,Windsor,New York
13901,Binghamton,New York
13902,Binghamton,New York
13903,Binghamton,New York
13904,Binghamton,New York
13905,Binghamton,New York
14041,Dayton,New York
14042,Delevan,New York
14060,Farmersville Station,New York
14065,Freedom,New York
14070,Gowanda,New York
14101,Machias,New York
14129,Perrysburg,New York
14133,Sandusky,New York
14138,South Dayton,New York
14168,Versailles,New York
14171,West Valley,New York
14173,Yorkshire,New York
14706,Allegany,New York
14719,Cattaraugus,New York
14726,Conewango Valley,New York
14729,East Otto,New York
14730,East Randolph,New York
14731,Ellicottville,New York
14737,Franklinville,New York
14741,Great Valley,New York
14743,Hinsdale,New York
14748,Kill Buck,New York
14751,Leon,New York
14753,Limestone,New York
14755,Little Valley,New York
14760,Olean,New York
14766,Otto,New York
14770,Portville,New York
14772,Randolph,New York
14778,Saint Bonaventure,New York
14779,Salamanca,New York
14783,Steamburg,New York
14788,Westons Mills,New York
13021,Auburn,New York
13022,Auburn,New York
13024,Auburn,New York
13026,Aurora,New York
13033,Cato,New York
13034,Cayuga,New York
13071,Genoa,New York
13081,King Ferry,New York
13092,Locke,New York
13111,Martville,New York
13113,Meridian,New York
13117,Montezuma,New York
13118,Moravia,New York
13139,Poplar Ridge,New York
13140,Port Byron,New York
13147,Scipio Center,New York
13156,Sterling,New York
13160,Union Springs,New York
13166,Weedsport,New York
14048,Dunkirk,New York
14062,Forestville,New York
14063,Fredonia,New York
14081,Irving,New York
14135,Sheridan,New York
14136,Silver Creek,New York
14166,Van Buren Point,New York
14701,Jamestown,New York
14702,Jamestown,New York
14710,Ashville,New York
14712,Bemus Point,New York
14716,Brocton,New York
14718,Cassadaga,New York
14720,Celoron,New York
14722,Chautauqua,New York
14723,Cherry Creek,New York
14724,Clymer,New York
14728,Dewittville,New York
14732,Ellington,New York
14733,Falconer,New York
14736,Findley Lake,New York
14738,Frewsburg,New York
14740,Gerry,New York
14742,Greenhurst,New York
14747,Kennedy,New York
14750,Lakewood,New York
14752,Lily Dale,New York
14756,Maple Springs,New York
14757,Mayville,New York
14758,Niobe,New York
14767,Panama,New York
14769,Portland,New York
14775,Ripley,New York
14781,Sherman,New York
14782,Sinclairville,New York
14784,Stockton,New York
14785,Stow,New York
14787,Westfield,New York
14814,Big Flats,New York
14816,Breesport,New York
14825,Chemung,New York
14838,Erin,New York
14845,Horseheads,New York
14861,Lowman,New York
14864,Millport,New York
14871,Pine City,New York
14872,Pine Valley,New York
14889,Van Etten,New York
14894,Wellsburg,New York
14901,Elmira,New York
14902,Elmira,New York
14903,Elmira,New York
14904,Elmira,New York
14905,Elmira,New York
13124,North Pitcher,New York
13136,Pitcher,New York
13155,South Otselic,New York
13332,Earlville,New York
13411,New Berlin,New York
13460,Sherburne,New York
13464,Smyrna,New York
13730,Afton,New York
13733,Bainbridge,New York
13758,East Pharsalia,New York
13778,Greene,New York
13780,Guilford,New York
13801,Mc Donough,New York
13809,Mount Upton,New York
13814,North Norwich,New York
13815,Norwich,New York
13830,Oxford,New York
13832,Plymouth,New York
13841,Smithville Flats,New York
13843,South New Berlin,New York
13844,South Plymouth,New York
12901,Plattsburgh,New York
12903,Plattsburgh,New York
12910,Altona,New York
12911,Keeseville,New York
12912,Au Sable Forks,New York
12918,Cadyville,New York
12919,Champlain,New York
12921,Chazy,New York
12923,Churubusco,New York
12924,Keeseville,New York
12929,Dannemora,New York
12933,Ellenburg,New York
12934,Ellenburg Center,New York
12935,Ellenburg Depot,New York
12952,Lyon Mountain,New York
12955,Lyon Mountain,New York
12958,Mooers,New York
12959,Mooers Forks,New York
12962,Morrisonville,New York
12972,Peru,New York
12978,Redford,New York
12979,Rouses Point,New York
12981,Saranac,New York
12985,Schuyler Falls,New York
12992,West Chazy,New York
12017,Austerlitz,New York
12029,Canaan,New York
12037,Chatham,New York
12050,Columbiaville,New York
12060,East Chatham,New York
12075,Ghent,New York
12106,Kinderhook,New York
12115,Malden Bridge,New York
12125,New Lebanon,New York
12130,Niverville,New York
12132,North Chatham,New York
12136,Old Chatham,New York
12165,Spencertown,New York
12172,Stottville,New York
12173,Stuyvesant,New York
12174,Stuyvesant Falls,New York
12184,Valatie,New York
12195,West Lebanon,New York
12502,Ancram,New York
12503,Ancramdale,New York
12513,Claverack,New York
12516,Copake,New York
12517,Copake Falls,New York
12521,Craryville,New York
12523,Elizaville,New York
12526,Germantown,New York
12529,Hillsdale,New York
12530,Hollowville,New York
12534,Hudson,New York
12541,Livingston,New York
12544,Mellenville,New York
12565,Philmont,New York
13040,Cincinnatus,New York
13045,Cortland,New York
13056,East Homer,New York
13077,Homer,New York
13087,Little York,New York
13101,Mc Graw,New York
13141,Preble,New York
13158,Truxton,New York
13738,Blodgett Mills,New York
13784,Harford,New York
13803,Marathon,New York
13863,Willet,New York
12167,Stamford,New York
12406,Arkville,New York
12421,Denver,New York
12430,Fleischmanns,New York
12434,Grand Gorge,New York
12438,Halcottsville,New York
12455,Margaretville,New York
12459,New Kingston,New York
12474,Roxbury,New York
13731,Andes,New York
13739,Bloomville,New York
13740,Bovina Center,New York
13750,Davenport,New York
13751,Davenport Center,New York
13752,Delancey,New York
13753,Delhi,New York
13755,Downsville,New York
13756,East Branch,New York
13757,East Meredith,New York
13774,Fishs Eddy,New York
13775,Franklin,New York
13782,Hamden,New York
13783,Hancock,New York
13786,Harpersfield,New York
13788,Hobart,New York
13804,Masonville,New York
13806,Meridale,New York
13838,Sidney,New York
13839,Sidney Center,New York
13842,South Kortright,New York
13846,Treadwell,New York
13847,Trout Creek,New York
13856,Walton,New York
13860,West Davenport,New York
12501,Amenia,New York
12504,Annandale On Hudson,New York
12506,Bangall,New York
12507,Barrytown,New York
12508,Beacon,New York
12510,Billings,New York
12511,Castle Point,New York
12512,Chelsea,New York
12514,Clinton Corners,New York
12522,Dover Plains,New York
12524,Fishkill,New York
12527,Glenham,New York
12531,Holmes,New York
12533,Hopewell Junction,New York
12537,Hughsonville,New York
12538,Hyde Park,New York
12540,Lagrangeville,New York
12545,Millbrook,New York
12546,Millerton,New York
12564,Pawling,New York
12567,Pine Plains,New York
12569,Pleasant Valley,New York
12570,Poughquag,New York
12571,Red Hook,New York
12572,Rhinebeck,New York
12574,Rhinecliff,New York
12578,Salt Point,New York
12580,Staatsburg,New York
12581,Stanfordville,New York
12582,Stormville,New York
12583,Tivoli,New York
12585,Verbank,New York
12590,Wappingers Falls,New York
12592,Wassaic,New York
12594,Wingdale,New York
12601,Poughkeepsie,New York
12602,Poughkeepsie,New York
12603,Poughkeepsie,New York
12604,Poughkeepsie,New York
14001,Akron,New York
14004,Alden,New York
14006,Angola,New York
14010,Athol Springs,New York
14025,Boston,New York
14026,Bowmansville,New York
14027,Brant,New York
14030,Chaffee,New York
14031,Clarence,New York
14032,Clarence Center,New York
14033,Colden,New York
14034,Collins,New York
14035,Collins Center,New York
14038,Crittenden,New York
14043,Depew,New York
14047,Derby,New York
14051,East Amherst,New York
14052,East Aurora,New York
14055,East Concord,New York
14057,Eden,New York
14059,Elma,New York
14061,Farnham,New York
14068,Getzville,New York
14069,Glenwood,New York
14072,Grand Island,New York
14075,Hamburg,New York
14080,Holland,New York
14085,Lake View,New York
14086,Lancaster,New York
14091,Lawtons,New York
14102,Marilla,New York
14110,North Boston,New York
14111,North Collins,New York
14112,North Evans,New York
14127,Orchard Park,New York
14134,Sardinia,New York
14139,South Wales,New York
14140,Spring Brook,New York
14141,Springville,New York
14150,Tonawanda,New York
14151,Tonawanda,New York
14169,Wales Center,New York
14170,West Falls,New York
14201,Buffalo,New York
14202,Buffalo,New York
14203,Buffalo,New York
14204,Buffalo,New York
14205,Buffalo,New York
14206,Buffalo,New York
14207,Buffalo,New York
14208,Buffalo,New York
14209,Buffalo,New York
14210,Buffalo,New York
14211,Buffalo,New York
14212,Buffalo,New York
14213,Buffalo,New York
14214,Buffalo,New York
14215,Buffalo,New York
14216,Buffalo,New York
14217,Buffalo,New York
14218,Buffalo,New York
14219,Buffalo,New York
14220,Buffalo,New York
14221,Buffalo,New York
14222,Buffalo,New York
14223,Buffalo,New York
14224,Buffalo,New York
14225,Buffalo,New York
14226,Buffalo,New York
14227,Buffalo,New York
14228,Buffalo,New York
14231,Buffalo,New York
14233,Buffalo,New York
14240,Buffalo,New York
14241,Buffalo,New York
14260,Buffalo,New York
14261,Buffalo,New York
14263,Buffalo,New York
14264,Buffalo,New York
14265,Buffalo,New York
14267,Buffalo,New York
14269,Buffalo,New York
14270,Buffalo,New York
14272,Buffalo,New York
14273,Buffalo,New York
14276,Buffalo,New York
14280,Buffalo,New York
12851,Minerva,New York
12852,Newcomb,New York
12855,North Hudson,New York
12857,Olmstedville,New York
12858,Paradox,New York
12870,Schroon Lake,New York
12872,Severance,New York
12879,Newcomb,New York
12883,Ticonderoga,New York
12913,Bloomingdale,New York
12928,Crown Point,New York
12932,Elizabethtown,New York
12936,Essex,New York
12941,Jay,New York
12942,Keene,New York
12943,Keene Valley,New York
12944,Keeseville,New York
12946,Lake Placid,New York
12950,Lewis,New York
12956,Mineville,New York
12960,Moriah,New York
12961,Moriah Center,New York
12964,New Russia,New York
12974,Port Henry,New York
12975,Port Kent,New York
12977,Ray Brook,New York
12987,Upper Jay,New York
12993,Westport,New York
12996,Willsboro,New York
12997,Wilmington,New York
12998,Witherbee,New York
12914,Bombay,New York
12915,Brainardsville,New York
12916,Brushton,New York
12917,Burke,New York
12920,Chateaugay,New York
12926,Constable,New York
12930,Dickinson Center,New York
12937,Fort Covington,New York
12939,Gabriels,New York
12945,Lake Clear,New York
12953,Malone,New York
12957,Moira,New York
12966,North Bangor,New York
12969,Owls Head,New York
12970,Paul Smiths,New York
12976,Rainbow Lake,New York
12980,Saint Regis Falls,New York
12983,Saranac Lake,New York
12986,Tupper Lake,New York
12989,Vermontville,New York
12995,Whippleville,New York
13655,Hogansburg,New York
12025,Broadalbin,New York
12032,Caroga Lake,New York
12078,Gloversville,New York
12095,Johnstown,New York
12117,Mayfield,New York
12134,Northville,New York
13470,Stratford,New York
14005,Alexander,New York
14013,Basom,New York
14020,Batavia,New York
14021,Batavia,New York
14036,Corfu,New York
14040,Darien Center,New York
14054,East Bethany,New York
14056,East Pembroke,New York
14058,Elba,New York
14125,Oakfield,New York
14143,Stafford,New York
14416,Bergen,New York
14422,Byron,New York
14482,Le Roy,New York
14486,Linwood,New York
14525,Pavilion,New York
14557,South Byron,New York
12015,Athens,New York
12042,Climax,New York
12051,Coxsackie,New York
12058,Earlton,New York
12083,Greenville,New York
12087,Hannacroix,New York
12124,New Baltimore,New York
12176,Surprise,New York
12192,West Coxsackie,New York
12405,Acra,New York
12407,Ashland,New York
12413,Cairo,New York
12414,Catskill,New York
12418,Cornwallville,New York
12422,Durham,New York
12423,East Durham,New York
12424,East Jewett,New York
12427,Elka Park,New York
12431,Freehold,New York
12436,Haines Falls,New York
12439,Hensonville,New York
12442,Hunter,New York
12444,Jewett,New York
12450,Lanesville,New York
12451,Leeds,New York
12452,Lexington,New York
12454,Maplecrest,New York
12460,Oak Hill,New York
12463,Palenville,New York
12468,Prattsville,New York
12470,Purling,New York
12473,Round Top,New York
12482,South Cairo,New York
12485,Tannersville,New York
12492,West Kill,New York
12496,Windham,New York
12108,Lake Pleasant,New York
12139,Piseco,New York
12164,Speculator,New York
12190,Wells,New York
12812,Blue Mountain Lake,New York
12842,Indian Lake,New York
12847,Long Lake,New York
12864,Sabael,New York
13353,Hoffmeister,New York
13360,Inlet,New York
13436,Raquette Lake,New York
13324,Cold Brook,New York
13329,Dolgeville,New York
13331,Eagle Bay,New York
13340,Frankfort,New York
13350,Herkimer,New York
13357,Ilion,New York
13361,Jordanville,New York
13365,Little Falls,New York
13406,Middleville,New York
13407,Mohawk,New York
13416,Newport,New York
13420,Old Forge,New York
13431,Poland,New York
13454,Salisbury Center,New York
13472,Thendara,New York
13475,Van Hornesville,New York
13491,West Winfield,New York
13601,Watertown,New York
13602,Fort Drum,New York
13603,Watertown,New York
13605,Adams,New York
13606,Adams Center,New York
13607,Alexandria Bay,New York
13608,Antwerp,New York
13611,Belleville,New York
13612,Black River,New York
13615,Brownville,New York
13616,Calcium,New York
13618,Cape Vincent,New York
13619,Carthage,New York
13622,Chaumont,New York
13624,Clayton,New York
13628,Deferiet,New York
13632,Depauville,New York
13634,Dexter,New York
13636,Ellisburg,New York
13637,Evans Mills,New York
13638,Felts Mills,New York
13640,Wellesley Island,New York
13641,Fishers Landing,New York
13643,Great Bend,New York
13650,Henderson,New York
13651,Henderson Harbor,New York
13656,La Fargeville,New York
13657,Limerick,New York
13659,Lorraine,New York
13661,Mannsville,New York
13665,Natural Bridge,New York
13671,Oxbow,New York
13673,Philadelphia,New York
13674,Pierrepont Manor,New York
13675,Plessis,New York
13679,Redwood,New York
13682,Rodman,New York
13685,Sackets Harbor,New York
13691,Theresa,New York
13692,Thousand Island Park,New York
13693,Three Mile Bay,New York
11201,Brooklyn,New York
11202,Brooklyn,New York
11203,Brooklyn,New York
11204,Brooklyn,New York
11205,Brooklyn,New York
11206,Brooklyn,New York
11207,Brooklyn,New York
11208,Brooklyn,New York
11209,Brooklyn,New York
11210,Brooklyn,New York
11211,Brooklyn,New York
11212,Brooklyn,New York
11213,Brooklyn,New York
11214,Brooklyn,New York
11215,Brooklyn,New York
11216,Brooklyn,New York
11217,Brooklyn,New York
11218,Brooklyn,New York
11219,Brooklyn,New York
11220,Brooklyn,New York
11221,Brooklyn,New York
11222,Brooklyn,New York
11223,Brooklyn,New York
11224,Brooklyn,New York
11225,Brooklyn,New York
11226,Brooklyn,New York
11228,Brooklyn,New York
11229,Brooklyn,New York
11230,Brooklyn,New York
11231,Brooklyn,New York
11232,Brooklyn,New York
11233,Brooklyn,New York
11234,Brooklyn,New York
11235,Brooklyn,New York
11236,Brooklyn,New York
11237,Brooklyn,New York
11238,Brooklyn,New York
11239,Brooklyn,New York
11241,Brooklyn,New York
11242,Brooklyn,New York
11243,Brooklyn,New York
11245,Brooklyn,New York
11247,Brooklyn,New York
11249,Brooklyn,New York
11251,Brooklyn,New York
11252,Brooklyn,New York
11256,Brooklyn,New York
13305,Beaver Falls,New York
13312,Brantingham,New York
13325,Constableville,New York
13327,Croghan,New York
13343,Glenfield,New York
13345,Greig,New York
13367,Lowville,New York
13368,Lyons Falls,New York
13404,Martinsburg,New York
13433,Port Leyden,New York
13473,Turin,New York
13489,West Leyden,New York
13620,Castorland,New York
13626,Copenhagen,New York
13627,Deer River,New York
13631,Denmark,New York
13648,Harrisville,New York
14414,Avon,New York
14423,Caledonia,New York
14435,Conesus,New York
14437,Dansville,New York
14454,Geneseo,New York
14462,Groveland,New York
14466,Hemlock,New York
14480,Lakeville,New York
14481,Leicester,New York
14485,Lima,New York
14487,Livonia,New York
14488,Livonia Center,New York
14510,Mount Morris,New York
14517,Nunda,New York
14533,Piffard,New York
14539,Retsof,New York
14545,Scottsburg,New York
14556,Sonyea,New York
14558,South Lima,New York
14560,Springwater,New York
14592,York,New York
14836,Dalton,New York
14846,Hunt,New York
13032,Canastota,New York
13035,Cazenovia,New York
13037,Chittenango,New York
13043,Clockville,New York
13052,De Ruyter,New York
13061,Erieville,New York
13072,Georgetown,New York
13122,New Woodstock,New York
13134,Peterboro,New York
13163,Wampsville,New York
13310,Bouckville,New York
13314,Brookfield,New York
13334,Eaton,New York
13346,Hamilton,New York
13355,Hubbardsville,New York
13364,Leonardsville,New York
13402,Madison,New York
13408,Morrisville,New York
13409,Munnsville,New York
13418,North Brookfield,New York
13421,Oneida,New York
13465,Solsville,New York
13484,West Eaton,New York
14410,Adams Basin,New York
14420,Brockport,New York
14428,Churchville,New York
14430,Clarkson,New York
14445,East Rochester,New York
14450,Fairport,New York
14464,Hamlin,New York
14467,Henrietta,New York
14468,Hilton,New York
14472,Honeoye Falls,New York
14506,Mendon,New York
14511,Mumford,New York
14514,North Chili,New York
14515,North Greece,New York
14526,Penfield,New York
14534,Pittsford,New York
14543,Rush,New York
14546,Scottsville,New York
14559,Spencerport,New York
14580,Webster,New York
14586,West Henrietta,New York
14602,Rochester,New York
14603,Rochester,New York
14604,Rochester,New York
14605,Rochester,New York
14606,Rochester,New York
14607,Rochester,New York
14608,Rochester,New York
14609,Rochester,New York
14610,Rochester,New York
14611,Rochester,New York
14612,Rochester,New York
14613,Rochester,New York
14614,Rochester,New York
14615,Rochester,New York
14616,Rochester,New York
14617,Rochester,New York
14618,Rochester,New York
14619,Rochester,New York
14620,Rochester,New York
14621,Rochester,New York
14622,Rochester,New York
14623,Rochester,New York
14624,Rochester,New York
14625,Rochester,New York
14626,Rochester,New York
14627,Rochester,New York
14638,Rochester,New York
14639,Rochester,New York
14642,Rochester,New York
14643,Rochester,New York
14644,Rochester,New York
14646,Rochester,New York
14647,Rochester,New York
14649,Rochester,New York
14650,Rochester,New York
14651,Rochester,New York
14652,Rochester,New York
14653,Rochester,New York
14692,Rochester,New York
14694,Rochester,New York
12010,Amsterdam,New York
12016,Auriesville,New York
12066,Esperance,New York
12068,Fonda,New York
12069,Fort Hunter,New York
12070,Fort Johnson,New York
12072,Fultonville,New York
12086,Hagaman,New York
12166,Sprakers,New York
12177,Tribes Hill,New York
13317,Canajoharie,New York
13339,Fort Plain,New York
13410,Nelliston,New York
13428,Palatine Bridge,New York
13452,Saint Johnsville,New York
11001,Floral Park,New York
11002,Floral Park,New York
11003,Elmont,New York
11010,Franklin Square,New York
11020,Great Neck,New York
11021,Great Neck,New York
11022,Great Neck,New York
11023,Great Neck,New York
11024,Great Neck,New York
11026,Great Neck,New York
11027,Great Neck,New York
11030,Manhasset,New York
11040,New Hyde Park,New York
11042,New Hyde Park,New York
11050,Port Washington,New York
11051,Port Washington,New York
11052,Port Washington,New York
11053,Port Washington,New York
11054,Port Washington,New York
11055,Port Washington,New York
11096,Inwood,New York
11501,Mineola,New York
11507,Albertson,New York
11509,Atlantic Beach,New York
11510,Baldwin,New York
11514,Carle Place,New York
11516,Cedarhurst,New York
11518,East Rockaway,New York
11520,Freeport,New York
11530,Garden City,New York
11531,Garden City,New York
11542,Glen Cove,New York
11545,Glen Head,New York
11547,Glenwood Landing,New York
11548,Greenvale,New York
11549,Hempstead,New York
11550,Hempstead,New York
11551,Hempstead,New York
11552,West Hempstead,New York
11553,Uniondale,New York
11554,East Meadow,New York
11555,Uniondale,New York
11556,Uniondale,New York
11557,Hewlett,New York
11558,Island Park,New York
11559,Lawrence,New York
11560,Locust Valley,New York
11561,Long Beach,New York
11563,Lynbrook,New York
11565,Malverne,New York
11566,Merrick,New York
11568,Old Westbury,New York
11569,Point Lookout,New York
11570,Rockville Centre,New York
11571,Rockville Centre,New York
11572,Oceanside,New York
11575,Roosevelt,New York
11576,Roslyn,New York
11577,Roslyn Heights,New York
11579,Sea Cliff,New York
11580,Valley Stream,New York
11581,Valley Stream,New York
11582,Valley Stream,New York
11590,Westbury,New York
11596,Williston Park,New York
11598,Woodmere,New York
11599,Garden City,New York
11709,Bayville,New York
11710,Bellmore,New York
11714,Bethpage,New York
11732,East Norwich,New York
11735,Farmingdale,New York
11737,Farmingdale,New York
11753,Jericho,New York
11756,Levittown,New York
11758,Massapequa,New York
11762,Massapequa Park,New York
11765,Mill Neck,New York
11771,Oyster Bay,New York
11773,Syosset,New York
11783,Seaford,New York
11791,Syosset,New York
11793,Wantagh,New York
11797,Woodbury,New York
11801,Hicksville,New York
11802,Hicksville,New York
11803,Plainview,New York
11804,Old Bethpage,New York
11815,Hicksville,New York
11819,Hicksville,New York
11853,Jericho,New York
10001,New York,New York
10002,New York,New York
10003,New York,New York
10004,New York,New York
10005,New York,New York
10006,New York,New York
10007,New York,New York
10008,New York,New York
10009,New York,New York
10010,New York,New York
10011,New York,New York
10012,New York,New York
10013,New York,New York
10014,New York,New York
10016,New York,New York
10017,New York,New York
10018,New York,New York
10019,New York,New York
10020,New York,New York
10021,New York,New York
10022,New York,New York
10023,New York,New York
10024,New York,New York
10025,New York,New York
10026,New York,New York
10027,New York,New York
10028,New York,New York
10029,New York,New York
10030,New York,New York
10031,New York,New York
10032,New York,New York
10033,New York,New York
10034,New York,New York
10035,New York,New York
10036,New York,New York
10037,New York,New York
10038,New York,New York
10039,New York,New York
10040,New York,New York
10041,New York,New York
10043,New York,New York
10044,New York,New York
10045,New York,New York
10055,New York,New York
10060,New York,New York
10065,New York,New York
10069,New York,New York
10075,New York,New York
10080,New York,New York
10081,New York,New York
10087,New York,New York
10090,New York,New York
10101,New York,New York
10102,New York,New York
10103,New York,New York
10104,New York,New York
10105,New York,New York
10106,New York,New York
10107,New York,New York
10108,New York,New York
10109,New York,New York
10110,New York,New York
10111,New York,New York
10112,New York,New York
10113,New York,New York
10114,New York,New York
10115,New York,New York
10116,New York,New York
10117,New York,New York
10118,New York,New York
10119,New York,New York
10120,New York,New York
10121,New York,New York
10122,New York,New York
10123,New York,New York
10124,New York,New York
10125,New York,New York
10126,New York,New York
10128,New York,New York
10129,New York,New York
10130,New York,New York
10131,New York,New York
10132,New York,New York
10133,New York,New York
10138,New York,New York
10150,New York,New York
10151,New York,New York
10152,New York,New York
10153,New York,New York
10154,New York,New York
10155,New York,New York
10156,New York,New York
10157,New York,New York
10158,New York,New York
10159,New York,New York
10160,New York,New York
10161,New York,New York
10162,New York,New York
10163,New York,New York
10164,New York,New York
10165,New York,New York
10166,New York,New York
10167,New York,New York
10168,New York,New York
10169,New York,New York
10170,New York,New York
10171,New York,New York
10172,New York,New York
10173,New York,New York
10174,New York,New York
10175,New York,New York
10176,New York,New York
10177,New York,New York
10178,New York,New York
10179,New York,New York
10185,New York,New York
10199,New York,New York
10203,New York,New York
10211,New York,New York
10212,New York,New York
10213,New York,New York
10242,New York,New York
10249,New York,New York
10256,New York,New York
10258,New York,New York
10259,New York,New York
10260,New York,New York
10261,New York,New York
10265,New York,New York
10268,New York,New York
10269,New York,New York
10270,New York,New York
10271,New York,New York
10272,New York,New York
10273,New York,New York
10274,New York,New York
10275,New York,New York
10276,New York,New York
10277,New York,New York
10278,New York,New York
10279,New York,New York
10280,New York,New York
10281,New York,New York
10282,New York,New York
10285,New York,New York
10286,New York,New York
14008,Appleton,New York
14012,Barker,New York
14028,Burt,New York
14067,Gasport,New York
14092,Lewiston,New York
14094,Lockport,New York
14095,Lockport,New York
14105,Middleport,New York
14107,Model City,New York
14108,Newfane,New York
14109,Niagara University,New York
14120,North Tonawanda,New York
14126,Olcott,New York
14131,Ransomville,New York
14132,Sanborn,New York
14144,Stella Niagara,New York
14172,Wilson,New York
14174,Youngstown,New York
14301,Niagara Falls,New York
14302,Niagara Falls,New York
14303,Niagara Falls,New York
14304,Niagara Falls,New York
14305,Niagara Falls,New York
13054,Durhamville,New York
13123,North Bay,New York
13157,Sylvan Beach,New York
13162,Verona Beach,New York
13301,Alder Creek,New York
13303,Ava,New York
13304,Barneveld,New York
13308,Blossvale,New York
13309,Boonville,New York
13313,Bridgewater,New York
13316,Camden,New York
13318,Cassville,New York
13319,Chadwicks,New York
13321,Clark Mills,New York
13322,Clayville,New York
13323,Clinton,New York
13328,Deansboro,New York
13338,Forestport,New York
13341,Franklin Springs,New York
13352,Hinckley,New York
13354,Holland Patent,New York
13362,Knoxboro,New York
13363,Lee Center,New York
13401,Mc Connellsville,New York
13403,Marcy,New York
13413,New Hartford,New York
13417,New York Mills,New York
13424,Oriskany,New York
13425,Oriskany Falls,New York
13435,Prospect,New York
13438,Remsen,New York
13440,Rome,New York
13441,Rome,New York
13442,Rome,New York
13449,Rome,New York
13455,Sangerfield,New York
13456,Sauquoit,New York
13461,Sherrill,New York
13469,Stittville,New York
13471,Taberg,New York
13476,Vernon,New York
13477,Vernon Center,New York
13478,Verona,New York
13479,Washington Mills,New York
13480,Waterville,New York
13483,Westdale,New York
13486,Westernville,New York
13490,Westmoreland,New York
13492,Whitesboro,New York
13494,Woodgate,New York
13495,Yorkville,New York
13501,Utica,New York
13502,Utica,New York
13503,Utica,New York
13504,Utica,New York
13505,Utica,New York
13599,Utica,New York
13020,Apulia Station,New York
13027,Baldwinsville,New York
13029,Brewerton,New York
13030,Bridgeport,New York
13031,Camillus,New York
13039,Cicero,New York
13041,Clay,New York
13051,Delphi Falls,New York
13057,East Syracuse,New York
13060,Elbridge,New York
13063,Fabius,New York
13066,Fayetteville,New York
13078,Jamesville,New York
13080,Jordan,New York
13082,Kirkville,New York
13084,La Fayette,New York
13088,Liverpool,New York
13089,Liverpool,New York
13090,Liverpool,New York
13104,Manlius,New York
13108,Marcellus,New York
13110,Marietta,New York
13112,Memphis,New York
13116,Minoa,New York
13119,Mottville,New York
13120,Nedrow,New York
13137,Plainville,New York
13138,Pompey,New York
13152,Skaneateles,New York
13153,Skaneateles Falls,New York
13159,Tully,New York
13164,Warners,New York
13201,Syracuse,New York
13202,Syracuse,New York
13203,Syracuse,New York
13204,Syracuse,New York
13205,Syracuse,New York
13206,Syracuse,New York
13207,Syracuse,New York
13208,Syracuse,New York
13209,Syracuse,New York
13210,Syracuse,New York
13211,Syracuse,New York
13212,Syracuse,New York
13214,Syracuse,New York
13215,Syracuse,New York
13217,Syracuse,New York
13218,Syracuse,New York
13219,Syracuse,New York
13220,Syracuse,New York
13221,Syracuse,New York
13224,Syracuse,New York
13225,Syracuse,New York
13235,Syracuse,New York
13244,Syracuse,New York
13250,Syracuse,New York
13251,Syracuse,New York
13252,Syracuse,New York
13261,Syracuse,New York
13290,Syracuse,New York
14424,Canandaigua,New York
14425,Farmington,New York
14432,Clifton Springs,New York
14443,East Bloomfield,New York
14453,Fishers,New York
14456,Geneva,New York
14461,Gorham,New York
14463,Hall,New York
14469,Bloomfield,New York
14471,Honeoye,New York
14475,Ionia,New York
14504,Manchester,New York
14512,Naples,New York
14518,Oaks Corners,New York
14532,Phelps,New York
14537,Port Gibson,New York
14547,Seneca Castle,New York
14548,Shortsville,New York
14561,Stanley,New York
14564,Victor,New York
14585,West Bloomfield,New York
10910,Arden,New York
10912,Bellvale,New York
10914,Blooming Grove,New York
10915,Bullville,New York
10916,Campbell Hall,New York
10917,Central Valley,New York
10918,Chester,New York
10919,Circleville,New York
10921,Florida,New York
10922,Fort Montgomery,New York
10924,Goshen,New York
10925,Greenwood Lake,New York
10926,Harriman,New York
10928,Highland Falls,New York
10930,Highland Mills,New York
10932,Howells,New York
10933,Johnson,New York
10940,Middletown,New York
10941,Middletown,New York
10949,Monroe,New York
10950,Monroe,New York
10953,Mountainville,New York
10958,New Hampton,New York
10959,New Milford,New York
10963,Otisville,New York
10969,Pine Island,New York
10973,Slate Hill,New York
10975,Southfields,New York
10979,Sterling Forest,New York
10981,Sugar Loaf,New York
10985,Thompson Ridge,New York
10987,Tuxedo Park,New York
10988,Unionville,New York
10990,Warwick,New York
10992,Washingtonville,New York
10996,West Point,New York
10997,West Point,New York
10998,Westtown,New York
12518,Cornwall,New York
12520,Cornwall On Hudson,New York
12543,Maybrook,New York
12549,Montgomery,New York
12550,Newburgh,New York
12551,Newburgh,New York
12552,Newburgh,New York
12553,New Windsor,New York
12555,Newburgh,New York
12566,Pine Bush,New York
12575,Rock Tavern,New York
12577,Salisbury Mills,New York
12584,Vails Gate,New York
12586,Walden,New York
12729,Cuddebackville,New York
12746,Huguenot,New York
12771,Port Jervis,New York
12780,Sparrow Bush,New York
14098,Lyndonville,New York
14103,Medina,New York
14411,Albion,New York
14429,Clarendon,New York
14452,Fancher,New York
14470,Holley,New York
14476,Kendall,New York
14477,Kent,New York
14479,Knowlesville,New York
14508,Morton,New York
14571,Waterport,New York
13028,Bernhards Bay,New York
13036,Central Square,New York
13042,Cleveland,New York
13044,Constantia,New York
13064,Fair Haven,New York
13069,Fulton,New York
13074,Hannibal,New York
13076,Hastings,New York
13083,Lacona,New York
13093,Lycoming,New York
13103,Mallory,New York
13107,Maple View,New York
13114,Mexico,New York
13115,Minetto,New York
13121,New Haven,New York
13126,Oswego,New York
13131,Parish,New York
13132,Pennellville,New York
13135,Phoenix,New York
13142,Pulaski,New York
13144,Richland,New York
13145,Sandy Creek,New York
13167,West Monroe,New York
13302,Altmar,New York
13426,Orwell,New York
13437,Redfield,New York
13493,Williamstown,New York
12064,East Worcester,New York
12116,Maryland,New York
12155,Schenevus,New York
12197,Worcester,New York
13315,Burlington Flats,New York
13320,Cherry Valley,New York
13326,Cooperstown,New York
13333,East Springfield,New York
13335,Edmeston,New York
13337,Fly Creek,New York
13342,Garrattsville,New York
13348,Hartwick,New York
13415,New Lisbon,New York
13439,Richfield Springs,New York
13450,Roseboom,New York
13457,Schuyler Lake,New York
13468,Springfield Center,New York
13482,West Burlington,New York
13485,West Edmeston,New York
13488,Westford,New York
13747,Colliersville,New York
13776,Gilbertsville,New York
13796,Laurens,New York
13807,Milford,New York
13808,Morris,New York
13810,Mount Vision,New York
13820,Oneonta,New York
13825,Otego,New York
13834,Portlandville,New York
13849,Unadilla,New York
13859,Wells Bridge,New York
13861,West Oneonta,New York
10509,Brewster,New York
10512,Carmel,New York
10516,Cold Spring,New York
10524,Garrison,New York
10537,Lake Peekskill,New York
10541,Mahopac,New York
10542,Mahopac Falls,New York
10579,Putnam Valley,New York
12563,Patterson,New York
11004,Glen Oaks,New York
11005,Floral Park,New York
11101,Long Island City,New York
11102,Astoria,New York
11103,Astoria,New York
11104,Sunnyside,New York
11105,Astoria,New York
11106,Astoria,New York
11109,Long Island City,New York
11120,Long Island City,New York
11351,Flushing,New York
11352,Flushing,New York
11354,Flushing,New York
11355,Flushing,New York
11356,College Point,New York
11357,Whitestone,New York
11358,Flushing,New York
11359,Bayside,New York
11360,Bayside,New York
11361,Bayside,New York
11362,Little Neck,New York
11363,Little Neck,New York
11364,Oakland Gardens,New York
11365,Fresh Meadows,New York
11366,Fresh Meadows,New York
11367,Flushing,New York
11368,Corona,New York
11369,East Elmhurst,New York
11370,East Elmhurst,New York
11371,Flushing,New York
11372,Jackson Heights,New York
11373,Elmhurst,New York
11374,Rego Park,New York
11375,Forest Hills,New York
11377,Woodside,New York
11378,Maspeth,New York
11379,Middle Village,New York
11380,Elmhurst,New York
11381,Flushing,New York
11385,Ridgewood,New York
11386,Ridgewood,New York
11405,Jamaica,New York
11411,Cambria Heights,New York
11412,Saint Albans,New York
11413,Springfield Gardens,New York
11414,Howard Beach,New York
11415,Kew Gardens,New York
11416,Ozone Park,New York
11417,Ozone Park,New York
11418,Richmond Hill,New York
11419,South Richmond Hill,New York
11420,South Ozone Park,New York
11421,Woodhaven,New York
11422,Rosedale,New York
11423,Hollis,New York
11424,Jamaica,New York
11425,Jamaica,New York
11426,Bellerose,New York
11427,Queens Village,New York
11428,Queens Village,New York
11429,Queens Village,New York
11430,Jamaica,New York
11431,Jamaica,New York
11432,Jamaica,New York
11433,Jamaica,New York
11434,Jamaica,New York
11435,Jamaica,New York
11436,Jamaica,New York
11437,Jamaica,New York
11439,Jamaica,New York
11451,Jamaica,New York
11499,Jamaica,New York
11690,Far Rockaway,New York
11691,Far Rockaway,New York
11692,Arverne,New York
11693,Far Rockaway,New York
11694,Rockaway Park,New York
11695,Far Rockaway,New York
11697,Breezy Point,New York
12018,Averill Park,New York
12022,Berlin,New York
12024,Brainard,New York
12028,Buskirk,New York
12033,Castleton On Hudson,New York
12040,Cherry Plain,New York
12052,Cropseyville,New York
12061,East Greenbush,New York
12062,East Nassau,New York
12063,East Schodack,New York
12082,Grafton,New York
12089,Hoosick,New York
12090,Hoosick Falls,New York
12094,Johnsonville,New York
12121,Melrose,New York
12123,Nassau,New York
12133,North Hoosick,New York
12138,Petersburg,New York
12140,Poestenkill,New York
12144,Rensselaer,New York
12153,Sand Lake,New York
12154,Schaghticoke,New York
12156,Schodack Landing,New York
12168,Stephentown,New York
12169,Stephentown,New York
12180,Troy,New York
12181,Troy,New York
12182,Troy,New York
12185,Valley Falls,New York
12196,West Sand Lake,New York
12198,Wynantskill,New York
10301,Staten Island,New York
10302,Staten Island,New York
10303,Staten Island,New York
10304,Staten Island,New York
10305,Staten Island,New York
10306,Staten Island,New York
10307,Staten Island,New York
10308,Staten Island,New York
10309,Staten Island,New York
10310,Staten Island,New York
10311,Staten Island,New York
10312,Staten Island,New York
10313,Staten Island,New York
10314,Staten Island,New York
10901,Suffern,New York
10911,Bear Mountain,New York
10913,Blauvelt,New York
10920,Congers,New York
10923,Garnerville,New York
10927,Haverstraw,New York
10931,Hillburn,New York
10952,Monsey,New York
10954,Nanuet,New York
10956,New City,New York
10960,Nyack,New York
10962,Orangeburg,New York
10964,Palisades,New York
10965,Pearl River,New York
10968,Piermont,New York
10970,Pomona,New York
10974,Sloatsburg,New York
10976,Sparkill,New York
10977,Spring Valley,New York
10980,Stony Point,New York
10982,Tallman,New York
10983,Tappan,New York
10984,Thiells,New York
10986,Tomkins Cove,New York
10989,Valley Cottage,New York
10993,West Haverstraw,New York
10994,West Nyack,New York
12922,Childwold,New York
12927,Cranberry Lake,New York
12949,Lawrenceville,New York
12965,Nicholville,New York
12967,North Lawrence,New York
12973,Piercefield,New York
13613,Brasher Falls,New York
13614,Brier Hill,New York
13617,Canton,New York
13621,Chase Mills,New York
13623,Chippewa Bay,New York
13625,Colton,New York
13630,De Kalb Junction,New York
13633,De Peyster,New York
13635,Edwards,New York
13639,Fine,New York
13642,Gouverneur,New York
13645,Hailesboro,New York
13646,Hammond,New York
13647,Hannawa Falls,New York
13649,Helena,New York
13652,Hermon,New York
13654,Heuvelton,New York
13658,Lisbon,New York
13660,Madrid,New York
13662,Massena,New York
13664,Morristown,New York
13666,Newton Falls,New York
13667,Norfolk,New York
13668,Norwood,New York
13669,Ogdensburg,New York
13670,Oswegatchie,New York
13672,Parishville,New York
13676,Potsdam,New York
13677,Pyrites,New York
13678,Raymondville,New York
13680,Rensselaer Falls,New York
13681,Richville,New York
13683,Rooseveltown,New York
13684,Russell,New York
13687,South Colton,New York
13690,Star Lake,New York
13694,Waddington,New York
13695,Wanakena,New York
13696,West Stockholm,New York
13697,Winthrop,New York
13699,Potsdam,New York
12019,Ballston Lake,New York
12020,Ballston Spa,New York
12027,Burnt Hills,New York
12065,Clifton Park,New York
12074,Galway,New York
12118,Mechanicville,New York
12148,Rexford,New York
12151,Round Lake,New York
12170,Stillwater,New York
12188,Waterford,New York
12803,South Glens Falls,New York
12822,Corinth,New York
12831,Gansevoort,New York
12833,Greenfield Center,New York
12835,Hadley,New York
12850,Middle Grove,New York
12859,Porter Corners,New York
12863,Rock City Falls,New York
12866,Saratoga Springs,New York
12871,Schuylerville,New York
12884,Victory Mills,New York
12008,Alplaus,New York
12053,Delanson,New York
12056,Duanesburg,New York
12137,Pattersonville,New York
12141,Quaker Street,New York
12150,Rotterdam Junction,New York
12301,Schenectady,New York
12302,Schenectady,New York
12303,Schenectady,New York
12304,Schenectady,New York
12305,Schenectady,New York
12306,Schenectady,New York
12307,Schenectady,New York
12308,Schenectady,New York
12309,Schenectady,New York
12325,Schenectady,New York
12345,Schenectady,New York
12031,Carlisle,New York
12035,Central Bridge,New York
12036,Charlotteville,New York
12043,Cobleskill,New York
12071,Fultonham,New York
12073,Gallupville,New York
12076,Gilboa,New York
12092,Howes Cave,New York
12093,Jefferson,New York
12122,Middleburgh,New York
12131,North Blenheim,New York
12149,Richmondville,New York
12157,Schoharie,New York
12160,Sloansville,New York
12175,Summit,New York
12187,Warnerville,New York
12194,West Fulton,New York
13459,Sharon Springs,New York
14805,Alpine,New York
14812,Beaver Dams,New York
14818,Burdett,New York
14824,Cayuta,New York
14841,Hector,New York
14863,Mecklenburg,New York
14865,Montour Falls,New York
14869,Odessa,New York
14876,Reading Center,New York
14887,Tyrone,New York
14891,Watkins Glen,New York
14893,Wayne,New York
13065,Fayette,New York
13148,Seneca Falls,New York
13165,Waterloo,New York
14521,Ovid,New York
14541,Romulus,New York
14588,Willard,New York
14847,Interlaken,New York
14860,Lodi,New York
14529,Perkinsville,New York
14572,Wayland,New York
14801,Addison,New York
14807,Arkport,New York
14808,Atlanta,New York
14809,Avoca,New York
14810,Bath,New York
14815,Bradford,New York
14819,Cameron,New York
14820,Cameron Mills,New York
14821,Campbell,New York
14823,Canisteo,New York
14826,Cohocton,New York
14827,Coopers Plains,New York
14830,Corning,New York
14831,Corning,New York
14839,Greenwood,New York
14840,Hammondsport,New York
14843,Hornell,New York
14855,Jasper,New York
14856,Kanona,New York
14858,Lindley,New York
14870,Painted Post,New York
14873,Prattsburgh,New York
14874,Pulteney,New York
14877,Rexville,New York
14879,Savona,New York
14885,Troupsburg,New York
14898,Woodhull,New York
00501,Holtsville,New York
00544,Holtsville,New York
06390,Fishers Island,New York
11701,Amityville,New York
11702,Babylon,New York
11703,North Babylon,New York
11704,West Babylon,New York
11705,Bayport,New York
11706,Bay Shore,New York
11707,West Babylon,New York
11713,Bellport,New York
11715,Blue Point,New York
11716,Bohemia,New York
11717,Brentwood,New York
11718,Brightwaters,New York
11719,Brookhaven,New York
11720,Centereach,New York
11721,Centerport,New York
11722,Central Islip,New York
11724,Cold Spring Harbor,New York
11725,Commack,New York
11726,Copiague,New York
11727,Coram,New York
11729,Deer Park,New York
11730,East Islip,New York
11731,East Northport,New York
11733,East Setauket,New York
11738,Farmingville,New York
11739,Great River,New York
11740,Greenlawn,New York
11741,Holbrook,New York
11742,Holtsville,New York
11743,Huntington,New York
11746,Huntington Station,New York
11747,Melville,New York
11749,Islandia,New York
11751,Islip,New York
11752,Islip Terrace,New York
11754,Kings Park,New York
11755,Lake Grove,New York
11757,Lindenhurst,New York
11760,Melville,New York
11763,Medford,New York
11764,Miller Place,New York
11766,Mount Sinai,New York
11767,Nesconset,New York
11768,Northport,New York
11769,Oakdale,New York
11770,Ocean Beach,New York
11772,Patchogue,New York
11775,Melville,New York
11776,Port Jefferson Station,New York
11777,Port Jefferson,New York
11778,Rocky Point,New York
11779,Ronkonkoma,New York
11780,Saint James,New York
11782,Sayville,New York
11784,Selden,New York
11786,Shoreham,New York
11787,Smithtown,New York
11788,Hauppauge,New York
11789,Sound Beach,New York
11790,Stony Brook,New York
11792,Wading River,New York
11794,Stony Brook,New York
11795,West Islip,New York
11796,West Sayville,New York
11798,Wyandanch,New York
11901,Riverhead,New York
11930,Amagansett,New York
11931,Aquebogue,New York
11932,Bridgehampton,New York
11933,Calverton,New York
11934,Center Moriches,New York
11935,Cutchogue,New York
11937,East Hampton,New York
11939,East Marion,New York
11940,East Moriches,New York
11941,Eastport,New York
11942,East Quogue,New York
11944,Greenport,New York
11946,Hampton Bays,New York
11947,Jamesport,New York
11948,Laurel,New York
11949,Manorville,New York
11950,Mastic,New York
11951,Mastic Beach,New York
11952,Mattituck,New York
11953,Middle Island,New York
11954,Montauk,New York
11955,Moriches,New York
11956,New Suffolk,New York
11957,Orient,New York
11958,Peconic,New York
11959,Quogue,New York
11960,Remsenburg,New York
11961,Ridge,New York
11962,Sagaponack,New York
11963,Sag Harbor,New York
11964,Shelter Island,New York
11965,Shelter Island Heights,New York
11967,Shirley,New York
11968,Southampton,New York
11969,Southampton,New York
11970,South Jamesport,New York
11971,Southold,New York
11972,Speonk,New York
11973,Upton,New York
11975,Wainscott,New York
11976,Water Mill,New York
11977,Westhampton,New York
11978,Westhampton Beach,New York
11980,Yaphank,New York
12701,Monticello,New York
12719,Barryville,New York
12720,Bethel,New York
12721,Bloomingburg,New York
12722,Burlingham,New York
12723,Callicoon,New York
12724,Callicoon Center,New York
12725,Claryville,New York
12726,Cochecton,New York
12727,Cochecton Center,New York
12732,Eldred,New York
12733,Fallsburg,New York
12734,Ferndale,New York
12736,Fremont Center,New York
12737,Glen Spey,New York
12738,Glen Wild,New York
12740,Grahamsville,New York
12741,Hankins,New York
12742,Harris,New York
12743,Highland Lake,New York
12745,Hortonville,New York
12747,Hurleyville,New York
12748,Jeffersonville,New York
12749,Kauneonga Lake,New York
12750,Kenoza Lake,New York
12751,Kiamesha Lake,New York
12752,Lake Huntington,New York
12754,Liberty,New York
12758,Livingston Manor,New York
12759,Loch Sheldrake,New York
12760,Long Eddy,New York
12762,Mongaup Valley,New York
12763,Mountain Dale,New York
12764,Narrowsburg,New York
12765,Neversink,New York
12766,North Branch,New York
12767,Obernburg,New York
12768,Parksville,New York
12769,Phillipsport,New York
12770,Pond Eddy,New York
12775,Rock Hill,New York
12776,Roscoe,New York
12777,Forestburgh,New York
12778,Smallwood,New York
12779,South Fallsburg,New York
12781,Summitville,New York
12783,Swan Lake,New York
12784,Thompsonville,New York
12785,Westbrookville,New York
12786,White Lake,New York
12787,White Sulphur Springs,New York
12788,Woodbourne,New York
12789,Woodridge,New York
12790,Wurtsboro,New York
12791,Youngsville,New York
12792,Yulan,New York
13732,Apalachin,New York
13734,Barton,New York
13736,Berkshire,New York
13743,Candor,New York
13811,Newark Valley,New York
13812,Nichols,New York
13827,Owego,New York
13835,Richford,New York
13840,Smithboro,New York
13845,Tioga Center,New York
13864,Willseyville,New York
14859,Lockwood,New York
14883,Spencer,New York
14892,Waverly,New York
13053,Dryden,New York
13062,Etna,New York
13068,Freeville,New York
13073,Groton,New York
13102,Mc Lean,New York
14817,Brooktondale,New York
14850,Ithaca,New York
14851,Ithaca,New York
14852,Ithaca,New York
14853,Ithaca,New York
14854,Jacksonville,New York
14867,Newfield,New York
14881,Slaterville Springs,New York
14882,Lansing,New York
14886,Trumansburg,New York
12401,Kingston,New York
12402,Kingston,New York
12404,Accord,New York
12409,Bearsville,New York
12410,Big Indian,New York
12411,Bloomington,New York
12412,Boiceville,New York
12416,Chichester,New York
12417,Connelly,New York
12419,Cottekill,New York
12420,Cragsmoor,New York
12428,Ellenville,New York
12429,Esopus,New York
12432,Glasco,New York
12433,Glenford,New York
12435,Greenfield Park,New York
12440,High Falls,New York
12441,Highmount,New York
12443,Hurley,New York
12446,Kerhonkson,New York
12448,Lake Hill,New York
12449,Lake Katrine,New York
12453,Malden On Hudson,New York
12456,Mount Marion,New York
12457,Mount Tremper,New York
12458,Napanoch,New York
12461,Olivebridge,New York
12464,Phoenicia,New York
12465,Pine Hill,New York
12466,Port Ewen,New York
12471,Rifton,New York
12472,Rosendale,New York
12475,Ruby,New York
12477,Saugerties,New York
12480,Shandaken,New York
12481,Shokan,New York
12483,Spring Glen,New York
12484,Stone Ridge,New York
12486,Tillson,New York
12487,Ulster Park,New York
12489,Wawarsing,New York
12490,West Camp,New York
12491,West Hurley,New York
12493,West Park,New York
12494,West Shokan,New York
12495,Willow,New York
12498,Woodstock,New York
12515,Clintondale,New York
12525,Gardiner,New York
12528,Highland,New York
12542,Marlboro,New York
12547,Milton,New York
12548,Modena,New York
12561,New Paltz,New York
12568,Plattekill,New York
12588,Walker Valley,New York
12589,Wallkill,New York
12801,Glens Falls,New York
12804,Queensbury,New York
12808,Adirondack,New York
12810,Athol,New York
12811,Bakers Mills,New York
12814,Bolton Landing,New York
12815,Brant Lake,New York
12817,Chestertown,New York
12820,Cleverdale,New York
12824,Diamond Point,New York
12836,Hague,New York
12843,Johnsburg,New York
12844,Kattskill Bay,New York
12845,Lake George,New York
12846,Lake Luzerne,New York
12853,North Creek,New York
12856,North River,New York
12860,Pottersville,New York
12862,Riparius,New York
12874,Silver Bay,New York
12878,Stony Creek,New York
12885,Warrensburg,New York
12886,Wevertown,New York
12057,Eagle Bridge,New York
12809,Argyle,New York
12816,Cambridge,New York
12819,Clemons,New York
12821,Comstock,New York
12823,Cossayuna,New York
12827,Fort Ann,New York
12828,Fort Edward,New York
12832,Granville,New York
12834,Greenwich,New York
12837,Hampton,New York
12838,Hartford,New York
12839,Hudson Falls,New York
12841,Huletts Landing,New York
12848,Middle Falls,New York
12849,Middle Granville,New York
12854,North Granville,New York
12861,Putnam Station,New York
12865,Salem,New York
12873,Shushan,New York
12887,Whitehall,New York
13143,Red Creek,New York
13146,Savannah,New York
13154,South Butler,New York
14413,Alton,New York
14433,Clyde,New York
14449,East Williamson,New York
14489,Lyons,New York
14502,Macedon,New York
14505,Marion,New York
14513,Newark,New York
14516,North Rose,New York
14519,Ontario,New York
14520,Ontario Center,New York
14522,Palmyra,New York
14538,Pultneyville,New York
14542,Rose,New York
14551,Sodus,New York
14555,Sodus Point,New York
14563,Union Hill,New York
14568,Walworth,New York
14589,Williamson,New York
14590,Wolcott,New York
10501,Amawalk,New York
10502,Ardsley,New York
10503,Ardsley On Hudson,New York
10504,Armonk,New York
10505,Baldwin Place,New York
10506,Bedford,New York
10507,Bedford Hills,New York
10510,Briarcliff Manor,New York
10511,Buchanan,New York
10514,Chappaqua,New York
10517,Crompond,New York
10518,Cross River,New York
10519,Croton Falls,New York
10520,Croton On Hudson,New York
10521,Croton On Hudson,New York
10522,Dobbs Ferry,New York
10523,Elmsford,New York
10526,Goldens Bridge,New York
10527,Granite Springs,New York
10528,Harrison,New York
10530,Hartsdale,New York
10532,Hawthorne,New York
10533,Irvington,New York
10535,Jefferson Valley,New York
10536,Katonah,New York
10538,Larchmont,New York
10540,Lincolndale,New York
10543,Mamaroneck,New York
10545,Maryknoll,New York
10546,Millwood,New York
10547,Mohegan Lake,New York
10548,Montrose,New York
10549,Mount Kisco,New York
10550,Mount Vernon,New York
10551,Mount Vernon,New York
10552,Mount Vernon,New York
10553,Mount Vernon,New York
10560,North Salem,New York
10562,Ossining,New York
10566,Peekskill,New York
10567,Cortlandt Manor,New York
10570,Pleasantville,New York
10573,Port Chester,New York
10576,Pound Ridge,New York
10577,Purchase,New York
10578,Purdys,New York
10580,Rye,New York
10583,Scarsdale,New York
10587,Shenorock,New York
10588,Shrub Oak,New York
10589,Somers,New York
10590,South Salem,New York
10591,Tarrytown,New York
10594,Thornwood,New York
10595,Valhalla,New York
10596,Verplanck,New York
10597,Waccabuc,New York
10598,Yorktown Heights,New York
10601,White Plains,New York
10602,White Plains,New York
10603,White Plains,New York
10604,West Harrison,New York
10605,White Plains,New York
10606,White Plains,New York
10607,White Plains,New York
10610,White Plains,New York
10701,Yonkers,New York
10702,Yonkers,New York
10703,Yonkers,New York
10704,Yonkers,New York
10705,Yonkers,New York
10706,Hastings On Hudson,New York
10707,Tuckahoe,New York
10708,Bronxville,New York
10709,Eastchester,New York
10710,Yonkers,New York
10801,New Rochelle,New York
10802,New Rochelle,New York
10803,Pelham,New York
10804,New Rochelle,New York
10805,New Rochelle,New York
14009,Arcade,New York
14011,Attica,New York
14024,Bliss,New York
14037,Cowlesville,New York
14039,Dale,New York
14066,Gainesville,New York
14082,Java Center,New York
14083,Java Village,New York
14113,North Java,New York
14130,Pike,New York
14145,Strykersville,New York
14167,Varysburg,New York
14427,Castile,New York
14530,Perry,New York
14536,Portageville,New York
14549,Silver Lake,New York
14550,Silver Springs,New York
14569,Warsaw,New York
14591,Wyoming,New York
14415,Bellona,New York
14418,Branchport,New York
14441,Dresden,New York
14478,Keuka Park,New York
14507,Middlesex,New York
14527,Penn Yan,New York
14544,Rushville,New York
14837,Dundee,New York
14842,Himrod,New York
14857,Lakemont,New York
14878,Rock Stream,New York
